267753,8DA274,00009c80c3ffffff,<PIL.Image.Image image mode=RGBA size=500x500 at 0x223426F2160>,0303070f0f1f3f3f,003c7e7e3c3c0000,3c7a7e7e7e7e3c00,c3662442e7e76600
237773,9F3769A8,ff9cbf3f010183e7,<PIL.Image.Image image mode=RGBA size=500x500 at 0x223426F21C0>,0303070f0f1f3f3f,003e3e7f3f3e0400,3c7a7e7e7e7e3c00,c3662442e7e76600
297050,69557452,180c1cebcfcedebc,<PIL.Image.Image image mode=RGBA size=500x500 at 0x2234969DD60>,3879f3e3c7cf9e3c,003c7e7e3c3c0000,003e7e7e7e3c1c00,c3662442e7e76600
294389,20B06234,08101cffc3cedebc,<PIL.Image.Image image mode=RGBA size=500x500 at 0x223427C2730>,3879f3e3c7cf9e3c,003c7e7e3c3c0000,3c7a7e7e7e7e3c00,c3662442e7e76600
224858,34B7BB31,1e4c7f3f0c000000,<PIL.Image.Image image mode=RGBA size=500x500 at 0x2234969DEE0>,000000ffffffffff,003c7e7e3c3c0000,3c7a7e7e7e7e3c00,0000e7e7e7660000
246014,D4BC6A21,00008cc0c3ffffff,<PIL.Image.Image image mode=RGBA size=500x500 at 0x2234969DFD0>,0303070f0f1f3f3f,00001c3e7e3c0000,3c7a7e7e7e7e3c00,0000e7e7e7660000
260837,2BD47E9B,1c3c7f3f0c000000,<PIL.Image.Image image mode=RGBA size=500x500 at 0x2234969DDF0>,000000ffffffffff,00001c3e7e3c0000,3c7a7e7e7e7e3c00,c3662442e7e76600
244348,CC979CCD,ff8cffff81818181,<PIL.Image.Image image mode=RGBA size=500x500 at 0x2234969DD90>,ffffffff81818181,003c7e7e3c3c0000,3c7a7e7e7e7e3c00,0000e7e7e7660000
354697,5F1E92DE,00109c8081d9c3ff,<PIL.Image.Image image mode=RGBA size=500x500 at 0x2234969DF70>,0303070f0f1f3f3f,00183c7e7e3c1800,3c7a7e7e7e7e3c00,c3662442e7e76600
274879,28C39C8E,00009cc0c1ffffff,<PIL.Image.Image image mode=RGBA size=500x500 at 0x2234969DE50>,0303070f0f1f3f3f,00001c3e7e3c0000,3c7a7e7e7e7e3c00,c3662442e7e76600
265824,6FCC2D33,18081cffc3cefebc,<PIL.Image.Image image mode=RGBA size=500x500 at 0x2234969DDC0>,3879f3e3c7cf9e3c,003c7e7e3c3c0000,3c7a7e7e7e7e3c00,0000e7e7e7660000
264445,D5A0C98D,88009cc1dbffffff,<PIL.Image.Image image mode=RGBA size=500x500 at 0x2234969DFA0>,0303070f0f1f3f3f,003c7e7e3c3c0000,003e7e7e7e3c1c00,c3662442e7e76600
234553,C3C1F15F,7fff7f3f0c008100,<PIL.Image.Image image mode=RGBA size=500x500 at 0x223426F2130>,000000ffffffffff,003e3e7f3f3e0400,3c7a7e7e7e7e3c00,c3662442e7e76600
347029,3B31B932,103c7f7f7c3c0000,<PIL.Image.Image image mode=RGBA size=500x500 at 0x2234969DEB0>,000000ffffffffff,00183c7e7e3c1800,3c7a7e7e7e7e3c00,c3662442e7e76600
260254,3B8141E5,7f3c7f3f0d8180e4,<PIL.Image.Image image mode=RGBA size=500x500 at 0x2234969DE80>,3879f3e3c7cf9e3c,003e3e7f3f3e0400,3c7a7e7e7e7e3c00,c3662442e7e76600
318084,4048189C,144c7f7f7c3c0000,<PIL.Image.Image image mode=RGBA size=500x500 at 0x2234969DF40>,000000ffffffffff,00183c7e7e3c1800,3c7a7e7e7e7e3c00,0000e7e7e7660000
253259,18686BAD,1c3c7f3f08000000,<PIL.Image.Image image mode=RGBA size=500x500 at 0x223496C7250>,000000ffffffffff,003c7e7e3c3c0000,3c7a7e7e7e7e3c00,c3662442e7e76600
273386,137F681B,ffbcffff81818181,<PIL.Image.Image image mode=RGBA size=500x500 at 0x223496C71F0>,ffffffff81818181,003c7e7e3c3c0000,3c7a7e7e7e7e3c00,c3662442e7e76600
269012,89F0F13D,ffbcffff81818181,<PIL.Image.Image image mode=RGBA size=500x500 at 0x223496C7040>,ffffffff81818181,003c7e7e3c3c0000,003e7e7e7e3c1c00,c3662442e7e76600
239196,185BEB3C,00008c80c3ffffff,<PIL.Image.Image image mode=RGBA size=500x500 at 0x223496C7310>,0303070f0f1f3f3f,003c7e7e3c3c0000,3c7a7e7e7e7e3c00,0000e7e7e7660000
246662,BE8183EF,3f3f3f3f0d8180e4,<PIL.Image.Image image mode=RGBA size=500x500 at 0x223496C7070>,3879f3e3c7cf9e3c,003e3e7f3f3e0400,003e7e7e7e3c1c00,c3662442e7e76600
264613,368269C4,88008cc1ffffffff,<PIL.Image.Image image mode=RGBA size=500x500 at 0x223496C7160>,0303070f0f1f3f3f,00001c3e7e3c0000,003e7e7e7e3c1c00,c3662442e7e76600
235710,67B71FEE,be008cc1cbffffff,<PIL.Image.Image image mode=RGBA size=500x500 at 0x223496C70D0>,0303070f0f1f3f3f,003c7e7e3c3c0000,003e7e7e7e3c1c00,0000e7e7e7660000
231729,7F83C9B8,3f4c7f3f0d8180e4,<PIL.Image.Image image mode=RGBA size=500x500 at 0x223496C7100>,3879f3e3c7cf9e3c,003e3e7f3f3e0400,3c7a7e7e7e7e3c00,0000e7e7e7660000
383019,E21B4F27,18181cfffddbc6fc,<PIL.Image.Image image mode=RGBA size=500x500 at 0x223496C7130>,3879f3e3c7cf9e3c,00183c7e7e3c1800,3c7a7e7e7e7e3c00,c3662442e7e76600
328804,29478DBD,fe008c81bd99c3ff,<PIL.Image.Image image mode=RGBA size=500x500 at 0x223496C7340>,0303070f0f1f3f3f,00183c7e7e3c1800,003e7e7e7e3c1c00,0000e7e7e7660000
281653,C4452597,ffbcffff81818181,<PIL.Image.Image image mode=RGBA size=500x500 at 0x223496C7370>,ffffffff81818181,00001c3e7e3c0000,3c7a7e7e7e7e3c00,c3662442e7e76600
297273,EF68CE7D,180c1cebefce9ebc,<PIL.Image.Image image mode=RGBA size=500x500 at 0x223496C71C0>,3879f3e3c7cf9e3c,00001c3e7e3c0000,003e7e7e7e3c1c00,c3662442e7e76600
301775,D5CE5D34,08101cffc3cedebc,<PIL.Image.Image image mode=RGBA size=500x500 at 0x223496C7280>,3879f3e3c7cf9e3c,00001c3e7e3c0000,3c7a7e7e7e7e3c00,c3662442e7e76600
273245,B4F64F92,18081cffc3cefebc,<PIL.Image.Image image mode=RGBA size=500x500 at 0x223496C7190>,3879f3e3c7cf9e3c,00001c3e7e3c0000,3c7a7e7e7e7e3c00,0000e7e7e7660000
208442,79B97BD6,ff8cff3f0d818181,<PIL.Image.Image image mode=RGBA size=500x500 at 0x223496C7460>,ffffffff81818181,003e3e7f3f3e0400,3c7a7e7e7e7e3c00,0000e7e7e7660000
326048,F9DFA921,00009c92c1d9c3ff,<PIL.Image.Image image mode=RGBA size=500x500 at 0x223496C73D0>,0303070f0f1f3f3f,00183c7e7e3c1800,3c7a7e7e7e7e3c00,0000e7e7e7660000
